objid,ra,dec,hubble,group
,129.17067,52.446281000000006,E6,train
,129.93358,52.954411,E6,train
,211.47225,65.70778299999999,E6,train
,261.08804,58.561547,E6,train
,231.70379,59.263367,E6,train
,144.43758,2.7473810000000003,E6,test_expert
,134.24687,51.332031,E6,train
,338.13062,0.687597,E6,train
,158.22167,53.113314,E6,train
,125.29979,39.259361,E6,valid
,231.75654,48.6133,E6,train
,20.80154,-0.641153,E6,train
,185.68821,12.293783,E6,valid
,202.33604,11.740047,E6,test_expert
