objid,ra,dec,hubble,group
,187.78483,0.6137060000000001,E7,test_expert
,187.796,0.606228,E7,train
,116.75854,41.536225,E7,train
,151.99262,1.268986,E7,train
,162.89608,3.664644,E7,train
,188.71592,58.916853,E7,train
,139.9395,33.744997,E7,valid
,161.35387,39.16385800000001,E7,train
,193.66671,43.870097,E7,train
