objid,ra,dec,hubble,petroR90_g,group
J12310836+00364934,187.78483,0.6137060000000001,E7,28.21,test_expert
J12311104+00362242,187.796,0.606228,E7,9.2,train
J07470205+41321041,116.75854,41.536225,E7,28.16,train
J10075823+01160835,151.99262,1.268986,E7,14.64,train
J10513506+03395272,162.89608,3.664644,E7,12.12,train
J12345182+58550067,188.71592,58.916853,E7,29.77,train
J09194548+33444199,139.9395,33.744997,E7,16.22,valid
J10452493+39094989,161.35387,39.16385800000001,E7,14.2,train
J12544001+43521235,193.66671,43.870097,E7,8.2,train
